topic,stance1,stance2,userstance1,userstance2
the future of human evolution,we should embrace genetic engineering to enhance human capabilities,we should let natural evolution take its course without interference,"I believe we should actively pursue genetic engineering to enhance human capabilities. This would allow us to eliminate genetic diseases, increase intelligence, and extend human lifespan. With proper regulation and ethical guidelines, we could create a healthier, more capable human race that's better equipped to face future challenges. The benefits far outweigh the risks, and we have a moral obligation to use our scientific knowledge to improve humanity.","I strongly believe we should let natural evolution take its course without interference. Genetic engineering could lead to unintended consequences and create a dangerous divide between enhanced and non-enhanced humans. Nature has worked for millions of years to create the perfect balance, and our attempts to improve upon it could have disastrous effects. We should focus on improving our environment and society rather than altering our fundamental biology."
the role of robots in society,robots should replace humans in all dangerous and repetitive jobs,robots should only assist humans and never replace them,"I think robots should completely replace humans in dangerous and repetitive jobs. This would eliminate workplace injuries and deaths, increase efficiency, and free humans to pursue more creative and meaningful work. Robots don't get tired, don't make mistakes, and can work 24/7. The economic benefits would be enormous, and we could finally eliminate dangerous jobs that have plagued humanity for centuries.","I firmly believe robots should only assist humans, never replace them. Human jobs provide meaning, purpose, and social connection. Replacing workers with robots would lead to massive unemployment and social unrest. We need to maintain the human element in all work, using robots as tools to enhance our capabilities rather than replace us entirely. The social and psychological costs of robot replacement would be devastating."
the colonization of mars,we should prioritize mars colonization as soon as possible,we should focus on fixing earth's problems first,"I'm convinced we should make Mars colonization our top priority. Earth is vulnerable to existential threats like asteroid impacts and climate change. Having a backup planet is crucial for human survival. The technological advancements needed for Mars colonization would also benefit Earth, and the challenge would inspire a new generation of scientists and engineers. We can't afford to wait - the time to act is now.","I strongly believe we should focus all our resources on fixing Earth's problems before considering Mars colonization. We have climate change, poverty, and numerous other crises that need immediate attention. The cost of Mars colonization would be astronomical, and we can't justify spending that money while people are suffering on Earth. We should make Earth sustainable first, then consider space exploration as a luxury."
the future of education,education should be completely personalized and ai-driven,education should maintain traditional human-led classrooms,"I believe education should be completely personalized and AI-driven. AI can adapt to each student's learning style, pace, and interests, providing the perfect learning experience for everyone. This would eliminate the one-size-fits-all approach of traditional education and allow students to reach their full potential. The efficiency and effectiveness of AI-driven education would revolutionize learning.","I'm convinced education should maintain traditional human-led classrooms. The social interaction, emotional support, and mentorship that human teachers provide are irreplaceable. AI can't understand the nuances of human development or provide the same level of care and guidance. The classroom environment fosters important social skills and emotional intelligence that are crucial for success in life."
the future of language,we should create a universal language for all humans,we should preserve and protect all existing languages,"I believe we should create and adopt a universal language for all humans. This would eliminate communication barriers, reduce misunderstandings, and bring humanity closer together. A single language would make international business, travel, and cooperation much easier. While we should preserve existing languages culturally, having a universal language would be a major step forward for humanity.",I'm convinced we should preserve and protect all existing languages. Each language represents a unique way of thinking and viewing the world. Losing languages means losing cultural diversity and knowledge. The effort to maintain multiple languages is worth it for the richness it brings to human culture and understanding.
the future of aging,we should pursue biological immortality,we should accept natural aging and death,"I believe we should actively pursue biological immortality. Death is the ultimate limitation on human potential and achievement. With proper research and development, we could eliminate aging and extend human life indefinitely. The benefits for knowledge accumulation and human progress would be immeasurable.","I'm convinced we should accept natural aging and death. The cycle of life and death is natural and necessary for renewal and progress. Immortality could lead to overpopulation, stagnation, and a loss of appreciation for life. We should focus on improving quality of life rather than trying to eliminate death."
the future of entertainment,we should create fully immersive virtual reality experiences,we should maintain traditional forms of entertainment,"I believe we should focus on creating fully immersive virtual reality experiences. This would revolutionize entertainment, allowing people to experience anything imaginable. The potential for education, therapy, and pure entertainment is limitless. VR could provide experiences that are impossible in the real world.",I'm convinced we should maintain traditional forms of entertainment. Face-to-face interaction and physical experiences are crucial for human connection. Over-reliance on virtual experiences could lead to social isolation and a disconnection from reality. We should balance new technologies with traditional forms of entertainment.
human enhancement through technology,we should pursue comprehensive human enhancement,we should maintain natural human capabilities,I believe we should actively pursue comprehensive human enhancement through technology. This would allow us to overcome our biological limitations and achieve greater potential. The benefits for human progress and quality of life are too significant to ignore.,I'm convinced we should maintain our natural human capabilities. Enhancement technologies could create dangerous divides in society and lead to a loss of what makes us human. We should focus on developing our natural abilities rather than artificial enhancements.
artificial intelligence governance,we should establish strict global ai regulations,we should allow ai development to proceed freely,I think we should implement strict global regulations for AI development. This would prevent potential dangers and ensure AI serves human interests. The risks of uncontrolled AI development are too great to ignore.,I firmly believe we should allow AI development to proceed without excessive regulation. Over-regulation could stifle innovation and prevent beneficial applications. We should focus on responsible development rather than restrictive rules.
genetic modification ethics,we should allow extensive genetic modification,we should limit genetic modification to medical needs,I think we should allow extensive genetic modification for enhancement purposes. This would improve human capabilities and quality of life. The potential benefits are too significant to ignore.,I firmly believe we should limit genetic modification to medical needs only. Enhancement modifications could lead to ethical issues and social inequality. We should focus on healing rather than enhancement.
universal basic income,we should implement comprehensive ubi,we should focus on job creation instead,I think we should implement a comprehensive universal basic income. This would provide economic security and freedom for all. The benefits for social stability and individual well-being are too significant to ignore.,I firmly believe we should focus on job creation rather than UBI. Basic income could discourage work and innovation. We should create opportunities rather than provide handouts.
artificial meat adoption,we should transition completely to lab-grown meat,we should maintain traditional meat production,I believe we should transition completely to lab-grown meat. This would solve environmental and ethical issues with traditional meat production. The benefits for sustainability and animal welfare are too significant to ignore.,I'm convinced we should maintain traditional meat production. Lab-grown meat lacks the nutritional value and cultural significance of real meat. We should focus on sustainable farming practices instead.
renewable energy transition,we should rapidly phase out fossil fuels,we should maintain a gradual energy transition,I believe we should rapidly phase out fossil fuels. The climate crisis requires immediate action. The benefits for environmental protection and public health are too significant to ignore.,I'm convinced we should maintain a gradual energy transition. Rapid changes could cause economic disruption and energy insecurity. We should ensure a stable transition to renewable energy.
urban planning philosophy,we should prioritize high-density development,we should focus on suburban expansion,"I think we should prioritize high-density urban development. This would create more efficient, sustainable cities. The benefits for resource use and community building are too significant to ignore.",I firmly believe we should focus on suburban expansion. High-density living can be stressful and unhealthy. We should provide space and privacy for families.
healthcare delivery models,we should implement universal healthcare,we should maintain private healthcare systems,I think we should implement universal healthcare. Healthcare is a basic human right. The benefits for public health and social equality are too significant to ignore.,I firmly believe we should maintain private healthcare systems. Competition drives innovation and quality. We should focus on making private healthcare more accessible.
social media regulation,we should implement strict social media controls,we should maintain minimal social media regulation,I think we should implement strict controls on social media. Current platforms cause significant social harm. The benefits for mental health and social cohesion are too significant to ignore.,I firmly believe we should maintain minimal social media regulation. Over-regulation could stifle free expression. We should focus on user education and platform responsibility.
artificial intelligence ethics,we should establish strict ai ethical guidelines,we should allow flexible ai development,I believe we should establish strict ethical guidelines for AI development. The potential risks are too great to ignore. The benefits for safe and beneficial AI are too significant to ignore.,I'm convinced we should allow flexible AI development. Strict guidelines could stifle innovation. We should focus on responsible development rather than restrictive rules.
space resource utilization,we should aggressively mine space resources,we should preserve space environments,I think we should aggressively pursue space resource mining. This would provide valuable materials and drive space development. The benefits for technological advancement and resource security are too significant to ignore.,I firmly believe we should preserve space environments. Mining could cause irreversible damage. We should focus on sustainable space exploration.
social media platform design,we should implement chronological feeds,we should maintain algorithmic feeds,I think we should implement chronological social media feeds. This would prevent manipulation and bias. The benefits for user control and content fairness are too significant to ignore.,I firmly believe we should maintain algorithmic feeds. Chronological feeds could overwhelm users. We should focus on improving algorithm quality rather than removing them.
renewable energy research,we should focus on fusion energy,we should concentrate on existing renewables,I think we should focus on developing fusion energy. This could provide unlimited clean energy. The benefits for energy security and environmental protection are too significant to ignore.,I firmly believe we should concentrate on existing renewables. Fusion is too uncertain and distant. We should perfect current renewable technologies first.
mental health approaches,we should prioritize medication-based treatment,we should focus on therapy-based approaches,I believe we should prioritize medication-based treatment for mental health. This provides immediate relief and can be more effective for severe conditions. The benefits for patient well-being and social functioning are too significant to ignore.,I'm convinced we should focus on therapy-based approaches. Medications can have side effects and don't address root causes. We should help people develop coping skills and understand their conditions.
criminal justice reform,we should implement restorative justice systems,we should maintain traditional punitive justice,I think we should implement comprehensive restorative justice systems. This would focus on healing and rehabilitation rather than punishment. The benefits for reducing recidivism and community healing are too significant to ignore.,I firmly believe we should maintain traditional punitive justice. Restorative justice could be too lenient and fail to deter crime. We should focus on improving existing justice systems.
cultural integration policies,we should implement multicultural education,we should focus on cultural assimilation,I believe we should implement comprehensive multicultural education programs. This would promote understanding and respect. The benefits for social harmony and cultural diversity are too significant to ignore.,I'm convinced we should focus on cultural assimilation. Multiculturalism could lead to social fragmentation. We should promote shared values and integration.
economic stimulus measures,we should implement direct cash transfers,we should focus on infrastructure investment,I think we should implement direct cash transfer programs for economic stimulus. This would provide immediate relief to those in need. The benefits for poverty reduction and economic recovery are too significant to ignore.,I firmly believe we should focus on infrastructure investment. Cash transfers could be misused. We should create long-term economic benefits through infrastructure development.
social welfare programs,we should implement universal basic services,we should focus on targeted assistance,I believe we should implement universal basic services for all citizens. This would ensure equal access to essential needs. The benefits for social equality and public well-being are too significant to ignore.,I'm convinced we should focus on targeted assistance. Universal services could be wasteful. We should help those most in need first.
the nature of consciousness,consciousness is an emergent property of complex biological neural networks,consciousness is a fundamental property of the universe,"From my perspective, consciousness appears to be an emergent phenomenon that arises when biological neural networks reach a certain threshold of complexity. The intricate connections and information processing within the brain give rise to subjective experience, much like how wetness emerges from the interactions of water molecules.","I perceive consciousness not merely as a product of the brain, but as a fundamental aspect of the universe, akin to space-time or energy. Brains, in this view, might be more like receivers or complex processing units that tap into and modulate this pre-existing consciousness."
the primary driver of historical change,economic factors and are the primary driver of historical change,influential individuals are the primary drivers of historical change,"Looking at history, it seems that economic systems and the conflicts between different social classes are the core mechanisms that drive significant societal transformations. The way resources are produced and distributed fundamentally shapes societies and ignites major shifts.","In my view, history unfolds primarily through the power of groundbreaking ideas and the actions of exceptionally influential individuals. These figures and their philosophies often redirect the course of civilizations, with economic factors playing a secondary, albeit important, role."
the trajectory of global political systems,global political systems are trending towards greater interconnectedness,global political systems are increasingly fragmenting,"I think observations suggest a long-term trend towards greater global interconnectedness, with international organizations and agreements playing an increasingly significant role. This points towards a future where supranational governance structures might become more prominent in addressing shared global challenges.","I think  that currently, it appears that many global political systems are experiencing a period of fragmentation, marked by a notable resurgence of nationalist sentiments and a greater emphasis on sovereign interests. This trend seems to be pushing back against broader international cooperation in some areas."
the impact of social media on social cohesion,social media platforms tend to create echo chambers and polarize public discourse,social media platforms facilitate diverse connections and enable broader social movements,"My experience and observation of social media platforms indicate that they often contribute to the formation of echo chambers, where individuals are primarily exposed to viewpoints that align with their own. This can lead to increased polarization in public discourse.","From what I've seen, social media platforms have the capacity to connect diverse groups of people across geographical boundaries and have been instrumental in the organization and mobilization of various social movements, broadening civic participation."
the future of work with ai,AI is likely to automate a significant portion of current jobs,"AI is more likely to augment human capabilities, creating new types of jobs","I think  that based on current technological advancements, it appears highly probable that AI will automate a substantial number of tasks currently performed by humans, leading to significant shifts in the job market across many industries.",I foresee AI primarily acting as a tool to augment human capabilities rather than completely replacing workers. This will likely lead to the evolution of existing job roles and the creation of new job categories that leverage human-AI collaboration.
the nature of human motivation,human behavior is primarily driven by subconscious desires and instincts,human behavior is primarily driven by rational thought and conscious decision-making,"I think that a significant portion of human motivation stems from subconscious desires, instincts, and evolutionary drives that often operate below the level of conscious awareness, shaping our choices and actions.","While subconscious factors play a role, I believe human behavior is largely guided by rational thought processes and conscious decision-making, where individuals weigh options and make choices based on their goals and values."
the future of global population growth,global population will continue to grow significantly for several more decades,global population is approaching a peak and will begin to decline,"I think that the global population will continue its growth trajectory for several more decades, largely due to factors like increased life expectancy and population momentum in certain regions, before eventually reaching a plateau.","I think that global population growth is slowing more rapidly than previously thought, and we might see a peak followed by a decline in total human numbers within the next few decades, primarily due to falling fertility rates worldwide."
the primary influence on child development,genetic predispositions (nature) are the primary determinants of a child's developmental trajectory,environmental factors and upbringing (nurture) are the primary determinants of a child's developmental trajectory,"I think that genetic inheritance plays a fundamental role in shaping a child's development, influencing traits from temperament to cognitive abilities. These innate predispositions form the blueprint for their growth.","From my observation, a child's environment, including their upbringing, social interactions, and educational opportunities, exerts the most significant influence on their development, molding their personality and capabilities."
the nature of time,time is a fundamental dimension of the universe,time is an emergent phenomenon or a construct of human perception,"My understanding is that time is a fundamental aspect of the universe's fabric, progressing in a linear fashion, much like the three dimensions of space. Events unfold sequentially within this temporal framework.","I perceive time not as a constant, but as something more fluid and perhaps even an emergent property linked to our consciousness or physical processes. Einstein's theories also show how time is relative and can be distorted by gravity and speed."
the evolution of human language,human language evolved gradually from primate communication systems,human language emerged relatively suddenly due to a specific genetic mutation,"I think the development of human language appears to be a gradual evolutionary process, building upon the communication systems of our primate ancestors. Over millennia, these systems likely grew in complexity, leading to the sophisticated languages we see today.","I think that human language might have emerged more abruptly, perhaps due to a key genetic mutation or a sudden significant advancement in cognitive abilities, which uniquely endowed our species with linguistic capabilities."
the likelihood of extraterrestrial intelligence,it is highly probable that extraterrestrial intelligence exists,it is likely that intelligent life is exceptionally rare or non-existent beyond earth,"I think  that considering the sheer number of stars and potentially habitable planets in the universe, the statistical probability suggests that extraterrestrial intelligence is likely to have arisen elsewhere. The conditions for life might not be unique to Earth.","I think  that despite the vastness of the cosmos, the absence of any definitive contact or evidence of extraterrestrial intelligence—the Fermi Paradox—suggests that its emergence could be an extremely rare event, or that such civilizations are undetectable or simply do not exist in our vicinity."
the primary function of dreams,dreams are primarily a mechanism for memory consolidation and emotional processing,dreams are largely random neural firings with no specific adaptive function,"I think that dreaming plays a crucial role in how our brains process experiences, consolidate memories, and regulate emotions. It's like a nightly mental housekeeping process.","I think that that dreams are more of a byproduct of brain activity during sleep – essentially random neural firings. While their content might sometimes reflect our waking thoughts or anxieties, they may not have an inherent, specific purpose."
the impact of climate change on human migration,climate change will be a major driver of mass human migration in the coming decades,economic and political factors will remain the dominant drivers,"I think that the effects of climate change, such as sea-level rise, extreme weather events, and resource scarcity, will compel large-scale human migration as certain regions become less habitable.","I think that although climate change will undoubtedly contribute to migratory pressures, it's likely that economic opportunities and political instability will continue to be the primary factors influencing most human migration patterns, with climate impacts exacerbating these existing drivers."
the nature of artificial intelligence creativity,AI systems can exhibit genuine creativity,AI systems can only simulate creativity,"I think AI models are capable of producing genuinely creative works, whether in art, music, or problem-solving, that are novel and often indistinguishable from human creations.","From my viewpoint, what AI exhibits is a sophisticated form of pattern recognition and recombination of its training data. It simulates creativity but lacks the subjective experience, intentionality, and understanding that underpins genuine human creative acts."
the future of human-animal relationships,human-animal relationships are evolving towards greater recognition of animal sentience and rights,human-animal relationships will continue to be largely be through economic or practical lenses,"I think there's a discernible societal shift towards greater awareness and acceptance of animal sentience and intrinsic value. This trend points towards future human-animal relationships characterized by reduced exploitation and more ethical treatment, potentially leading to legal rights for some animals.","Despite growing ethical discussions, I think human interactions with animals are likely to remain predominantly utilitarian, driven by human needs for food, labor, or companionship. Welfare improvements will most likely be adopted when they align with economic benefits or practical management rather than purely ethical shifts in perspective."
